Grupo CID-10,RO,AC,AM,RR,PA,AP,TO,MA,PI,CE,RN,PB,PE,AL,SE,BA,MG,ES,RJ,SP,PR,SC,RS,MS,MT,GO,DF,Total
Doenças infecciosas intestinais,899,722,3137,450,5272,305,1005,4733,3179,10246,2780,2965,13721,5040,2449,11682,9769,1640,5489,15699,5332,2205,4365,2343,1672,2228,776,120103
Tuberculose,654,430,2342,148,3545,219,282,3109,1353,4803,1308,1624,8590,1766,829,8645,6287,1499,19445,23019,3619,1240,5982,1305,1727,1303,366,105439
Algumas doenças bacterianas zoonóticas,41,47,102,2,489,39,7,168,13,253,47,113,797,145,231,640,321,113,1080,1583,680,326,602,9,19,37,48,7952
Outras doenças bacterianas,2242,1110,4165,457,12756,1062,1277,7538,3272,16172,5578,7649,13074,5696,3146,23318,41304,3522,55027,58191,12440,8958,15447,2759,4277,6247,1269,317953
Infecções de transmissão predominantemente sexual,17,23,82,9,133,23,28,134,58,86,62,75,299,94,31,218,200,72,785,333,125,54,203,34,48,52,17,3295
Outras doenças por espiroquetas,1,-,2,2,7,1,2,12,1,2,1,7,9,2,2,9,6,-,7,35,3,14,9,1,6,5,1,147
Outras doenças causadas por clamídias,-,-,-,-,-,-,-,2,-,-,1,2,2,-,-,1,4,-,1,-,-,-,1,-,-,-,1,15
Rickettsioses,-,-,-,1,-,-,-,-,-,-,-,1,-,-,1,2,40,11,23,193,4,-,-,-,1,-,-,277
Infecções virais do sistema nervoso central,49,35,76,15,289,13,46,187,36,229,76,60,257,62,48,357,475,78,380,1227,355,227,338,90,118,157,59,5339
Febres por arbovírus e febres hemorrágicas virais,88,26,146,31,263,46,50,253,71,617,279,165,549,165,114,410,956,216,1010,1070,241,59,33,182,314,728,113,8195
Infecções virais caract p/lesões de pele e mucosas,33,23,160,21,158,18,43,137,73,191,83,79,229,57,34,213,450,90,425,1418,244,146,258,78,92,154,76,4983
Hepatite viral,502,810,1285,89,1183,65,180,850,294,634,347,340,1484,353,207,1581,2718,757,5599,14937,2591,1403,6109,490,575,1001,417,46801
Doença pelo vírus da imunodeficiência humana [HIV],1261,236,3624,493,7364,400,653,4703,1614,5035,1399,1972,9509,1724,1186,9330,17678,4054,36529,75913,11194,10730,27096,2935,3429,4982,2591,247634
Outras doenças por vírus,15,4,49,8,91,2,14,76,67,165,81,52,173,60,60,199,175,30,192,359,127,58,116,45,60,52,34,2364
Micoses,183,30,85,14,290,15,82,111,69,170,29,31,150,53,44,307,790,155,663,2309,684,241,620,158,346,242,64,7935
Doenças devidas a protozoários,585,193,414,126,1350,140,1302,1153,1667,1760,435,665,2893,1831,387,12870,27717,172,1427,26649,5139,195,870,1225,1510,16400,4426,113501
Helmintíases,73,29,61,8,113,12,36,231,55,290,124,295,3654,1570,328,1365,1686,332,497,2423,618,123,234,63,102,201,111,14634
"Pediculose, acaríase e outras infestações",5,5,10,2,33,2,12,23,21,31,8,9,26,6,12,69,56,17,99,133,31,17,50,15,19,19,4,734
Seqüelas de doenças infecciosas e parasitárias,66,22,271,28,205,18,64,238,114,901,292,136,695,83,101,918,1039,245,847,2354,693,218,768,152,152,241,97,10958
"Agentes infec bacter, virais e outr agentes infecc",-,-,3,-,-,-,-,-,-,-,-,-,-,-,-,4,1,-,-,-,-,-,-,-,-,-,-,8
Outras doenças infecciosas,11,1,10,1,34,2,4,34,34,161,29,24,294,98,37,191,210,75,486,271,56,34,46,20,22,37,2,2224
Neoplasias malignas,15975,6277,33201,3742,57591,4984,12656,45519,32916,117618,43343,46631,127687,28495,23541,152961,325897,60306,366983,866429,217016,123110,313494,39670,35181,81688,36334,3219245
. Neoplasias malignas de localizações especificada,13189,4572,28681,2942,48791,4310,10494,38784,28067,97878,34877,38114,107958,22938,20399,128408,265843,53145,316411,735290,189219,105469,272384,34589,29435,69526,31167,2732880
"... Neoplasias malig do lábio, cavidade oral e far",527,124,838,108,1825,147,320,1169,1099,4352,1684,2030,5080,1175,1129,7103,11943,3023,14754,34419,9339,4497,9218,1625,1377,3288,1139,123332
... Neoplasias malignas dos órgãos digestivos,4930,1721,10111,1006,18255,1613,3520,12913,9279,35994,12274,13653,37955,7383,6387,46523,107410,21178,114148,290993,74991,39607,101632,12779,10360,24204,11452,1032271
... Neopl malig aparelho respirat e órgãos intrato,2473,900,5245,507,7752,751,1602,5708,4295,16484,5617,5748,16461,3699,3199,17830,43287,8800,59194,132190,33388,22160,64136,6319,5341,12962,5103,491151
... Neopl malig dos ossos e cartilagens articulare,156,53,398,45,791,98,170,673,503,1318,509,718,1452,505,294,1578,2803,497,2652,7031,2095,980,2226,451,448,892,380,29716
... Melanoma e outras(os) neoplasias malignas da p,273,73,375,47,713,45,185,575,728,2155,853,878,2172,422,425,2310,4386,977,4785,13979,4559,3415,6239,592,578,1334,600,53673
... Neopl malig do tecido mesotelial e tecidos mol,221,48,475,46,783,80,149,620,521,1395,1016,689,1537,367,289,1953,4510,643,3987,10135,2222,1572,3313,417,385,1035,528,38936
... Neoplasias malignas da mama,815,272,1740,180,3452,207,662,2479,2145,8245,2868,3117,10076,2069,1913,10903,21276,3953,34599,66917,13897,7787,21223,2604,2114,5423,3045,233981
... Neoplasias malignas dos órgãos genitais femini,1222,532,4678,399,6934,644,1321,6564,3201,9093,3078,3356,11619,3013,2420,12434,19832,4341,26656,52214,13737,7159,18110,3168,2752,6328,2965,227770
... Neoplasias malignas dos órgãos genitais mascul,1293,477,2268,301,4294,351,1490,4403,3511,10020,3808,4055,11208,2332,2404,15777,23889,4700,25860,54186,15932,7323,19883,3511,3158,6496,2441,235371
... Neoplasias malignas do trato urinário,418,120,818,93,1352,115,306,1042,822,2667,1080,1118,3696,630,641,4099,9995,1839,12736,30684,7554,4469,12108,1209,947,2647,1284,104489
... Neopl malig olhos encéf outr part sist nerv ce,757,207,1487,182,2228,226,648,2260,1699,5161,1729,2347,5598,1148,1121,6901,14573,2843,14686,37225,10066,5677,12572,1640,1768,4222,1838,140809
... Neopl malig tireóide e outras glândulas endócr,104,45,248,28,412,33,121,378,264,994,361,405,1104,195,177,997,1939,351,2354,5317,1439,823,1724,274,207,695,392,21381
". Neopl malig local mal def, secund e local n espe",1699,1246,2105,549,4096,293,1104,2782,2130,11412,4589,4937,10535,3169,1336,12986,35207,2668,24641,64289,12407,8677,19704,2108,3179,5387,1762,244997
. Neopl malig tecido linfát hematopoét e correlato,1052,455,2402,248,4635,377,1048,3865,2699,8211,3687,3529,9141,2362,1759,11372,24489,4444,25283,65110,15257,8877,21176,2870,2524,6642,3401,236915
. Neopl malig local múltiplas independentes (prim),35,4,13,3,69,4,10,88,20,117,190,51,53,26,47,195,358,49,648,1740,133,87,230,103,43,133,4,4453
Neoplasias [tumores] in situ,58,22,58,10,466,14,93,340,80,544,94,516,182,129,16,122,523,12,56,1532,20,140,120,4,70,70,9,5300
Neoplasias [tumores] benignas(os),82,22,120,11,304,36,72,232,131,483,138,255,501,161,90,477,1058,180,1327,3421,374,338,713,81,123,253,237,11220
Neopl de comportamento incerto ou desconhecido,185,68,727,40,2327,66,125,484,253,1684,934,696,1226,666,162,1174,5662,477,2815,9656,1480,809,2264,318,671,608,322,35899
Anemias nutricionais,113,42,122,8,301,14,66,288,121,444,221,467,815,302,115,1202,1334,160,1354,1712,461,198,499,154,111,182,33,10839
Anemias hemolíticas,66,40,114,17,365,28,116,376,276,369,136,147,394,127,198,1272,1446,223,1470,2091,395,163,409,101,176,436,243,11194
Anemias aplásticas e outras anemias,465,281,766,81,2070,119,329,1895,953,2656,1299,1947,3563,1062,855,5122,6515,702,8279,10179,2302,1104,3330,614,871,1293,255,58907
"Defeitos coagulação, púrpura, outr afecç hemorrág",165,76,345,57,755,86,96,514,206,760,269,310,957,230,260,1605,2518,251,2003,5297,960,608,1257,288,385,477,141,20876
Outras doenças do sangue e órgãos hematopoéticos,52,18,97,12,156,8,18,110,76,267,145,73,261,76,84,495,1182,125,1309,2022,384,243,538,111,113,221,93,8289
Alguns transt q comprometem o mecanismo imunitário,21,12,66,6,101,9,20,56,41,161,55,107,143,40,46,341,684,102,499,1384,265,177,342,77,75,93,55,4978
Transtornos da glândula tireóide,65,26,114,21,240,31,109,199,195,478,135,220,385,132,96,622,1653,213,1516,2716,835,419,916,111,167,284,146,12044
Diabetes mellitus,5570,2153,9307,1527,22861,1460,5447,26945,15330,33875,19531,24556,61439,19529,12581,69676,82848,16740,124601,185830,56488,26857,61812,10486,11786,22202,8187,939624
Outr transt regulação glicose e secr pancreát int,54,33,100,20,203,19,43,179,87,249,82,137,252,133,133,594,1020,89,798,1164,245,137,205,75,111,166,20,6348
Transtornos de outras glândulas endócrinas,24,19,45,8,92,8,37,78,38,172,48,83,112,48,27,182,431,70,274,724,186,111,289,46,51,101,48,3352
Desnutrição,769,538,2270,251,3529,231,821,2255,1087,5109,3368,4157,12292,2955,1849,13194,17965,2388,15034,24687,5648,1922,6828,3288,1990,2717,563,137705
Outras deficiências nutricionais,15,7,27,7,64,2,22,58,27,162,31,131,138,53,33,135,266,20,87,299,83,55,100,15,28,62,12,1939
Obesidade e outras formas de hiperalimentação,152,55,199,46,425,30,119,288,221,644,375,578,1546,344,237,1210,3448,721,2849,8720,2795,1118,2736,589,519,963,444,31371
Distúrbios metabólicos,581,396,839,295,2619,176,451,2049,1535,3768,1461,2512,3986,1718,1038,7137,11613,1324,14042,25145,3638,2111,5530,1684,1262,2427,623,99960
"Transtornos mentais orgânicos, incl sintomáticos",21,16,40,6,194,9,56,138,89,1551,321,182,348,121,276,1156,5084,317,5646,16365,885,640,1559,272,174,338,346,36150
Transt ment e comport dev ao uso subst psicoativa,489,406,895,82,1430,135,981,2739,2390,10816,2290,2436,7828,2190,3052,9832,23511,3905,9489,24887,10657,4085,8770,1882,2454,5031,2109,144771
"Esquizofrenia, transt esquizotípicos e delirantes",19,10,9,3,52,4,33,90,125,271,68,109,152,49,73,279,818,118,476,1058,494,200,514,61,87,176,27,5375
Transtornos do humor [afetivos],35,21,12,2,114,3,43,120,159,530,104,148,236,116,181,630,801,132,509,1036,674,315,627,87,137,149,49,6970
"Transt neuróticos, relacion stress e somatoformes",2,3,3,1,32,2,8,36,27,62,15,20,32,14,11,49,96,14,34,149,31,27,44,11,15,24,2,764
Síndr comport assoc disfunç fisiológ e fat físicos,3,4,5,1,27,1,12,24,18,68,9,29,29,12,8,39,60,7,42,134,47,30,40,13,2,19,5,688
Transtornos da personalidade e do comport adulto,2,-,-,1,3,-,4,3,3,4,-,4,6,3,3,11,28,3,17,13,3,3,10,2,2,5,2,135
Retardo mental,7,7,10,4,40,1,30,35,38,121,26,27,97,14,22,135,189,51,151,440,187,81,340,38,68,78,13,2250
Transtornos do desenvolvimento psicológico,3,-,1,1,3,1,-,10,5,14,3,13,18,8,3,18,29,3,30,67,27,21,43,2,2,7,3,335
Transt compor e emoc q aparecem dur infânc adolesc,-,1,1,-,6,1,2,8,3,20,1,8,11,8,1,19,16,6,12,27,3,12,3,-,4,6,-,179
Transtorno mental não especificado,7,6,2,-,25,-,19,42,79,202,27,60,78,34,104,198,370,40,417,265,153,30,134,16,81,39,7,2435
Doenças inflamatórias do sistema nervoso central,278,168,576,81,1227,125,305,1104,691,1644,567,651,2760,646,375,3324,4126,780,3939,11471,2391,1129,2196,624,665,1328,608,43779
Atrofias sistêm q afetam princ o sist nerv central,71,18,108,9,198,17,66,181,152,553,159,174,462,116,102,615,2156,377,1970,5171,1188,790,1778,299,166,515,341,17752
Doenças extrapiramidais e transt dos movimentos,170,45,222,27,592,30,147,480,424,1647,590,634,1451,301,350,1548,5057,1005,6091,11696,2743,1588,4397,494,447,1069,542,43787
Outras doenças degenerativas do sistema nervoso,402,146,680,69,1467,67,374,1201,1169,5218,2288,2642,4608,933,943,4412,20043,4295,18769,52162,12284,6306,19777,1923,1319,3741,1665,168903
Doenças desmielinizantes do sist nervoso central,45,15,69,10,147,19,41,100,100,228,68,136,309,84,55,332,1067,164,835,2213,625,336,1003,125,114,264,113,8617
Transtornos episódicos e paroxísticos,292,97,386,60,926,65,344,992,896,1879,641,1017,1768,990,572,2283,5782,900,2596,7992,3667,1381,2222,722,790,1444,482,41186
"Transtornos dos nervos, raízes e plexos nervosos",10,10,64,14,81,3,10,63,38,59,55,24,51,30,22,193,142,89,226,254,10,34,88,25,47,35,23,1700
Polineuropatias e outr transt sist nerv periférico,54,30,236,21,297,26,62,223,127,226,97,214,307,62,94,644,860,239,1197,2064,443,220,535,93,224,310,124,9029
Doenças da junção mioneural e dos músculos,41,14,65,3,102,12,53,98,71,331,96,104,285,60,58,302,1059,179,788,2377,640,359,654,133,112,256,144,8396
Paralisia cerebral e outras síndromes paralíticas,151,55,215,53,337,42,166,440,350,803,246,263,1093,302,241,1389,3576,375,1694,6028,2492,883,1768,528,299,775,499,25063
Outros transtornos do sistema nervoso,339,240,426,101,1254,196,233,1106,604,2727,874,930,1803,563,442,3242,6180,861,6252,17201,2201,1532,3176,684,524,1754,521,55966
"Transtornos pálpebra, aparelho lacrimal e órbita",-,-,6,1,5,2,-,4,1,5,2,2,9,4,3,19,11,1,20,31,8,2,3,1,-,4,2,146
Transtornos da conjuntiva,-,-,-,-,-,-,-,1,-,2,-,-,1,1,-,1,-,-,-,1,-,-,-,-,1,-,-,8
"Transtorn esclerótica, córnea, íris e corpo ciliar",-,-,-,-,1,-,-,-,-,-,-,2,1,-,-,-,3,-,2,4,-,-,-,-,-,1,-,14
Transtornos do cristalino,-,-,-,-,-,-,-,-,-,-,-,1,-,-,-,-,-,-,2,2,-,-,1,-,-,-,1,7
Transtornos da coróide e da retina,1,-,-,-,5,2,-,1,-,5,-,2,5,1,-,1,3,-,1,5,-,1,-,-,1,1,-,35
Glaucoma,-,-,-,-,2,-,-,-,-,2,1,1,-,-,-,2,1,-,2,2,-,-,-,-,-,-,-,13
Transtornos do humor vítreo e do globo ocular,1,-,-,-,6,2,-,-,2,4,-,2,7,4,1,7,13,2,11,24,1,2,4,1,1,-,-,95
"Transt músc oculares, movim binoc, acomod e refraç",-,-,-,-,5,-,3,-,-,-,-,-,-,-,-,1,-,-,-,1,-,-,1,-,-,-,-,11
Transtornos visuais e cegueira,-,-,-,-,4,-,-,3,3,6,-,2,2,1,1,2,2,-,1,1,-,-,-,-,2,-,-,30
Outros transtornos do olho e anexos,-,-,-,-,1,1,1,2,1,1,-,-,-,2,2,8,10,1,11,8,1,2,1,-,-,4,4,61
Doenças do ouvido externo,-,-,2,-,3,1,-,1,4,1,1,-,11,4,-,4,4,3,24,26,4,4,3,2,4,-,1,107
Doenças do ouvido médio e da mastóide,10,7,46,1,78,9,12,62,21,112,53,51,140,52,35,152,270,80,334,476,132,58,122,38,32,40,17,2440
Doenças do ouvido interno,2,4,-,-,4,-,1,4,6,18,3,4,9,4,4,9,19,4,9,38,4,5,4,-,15,9,1,180
Outros transtornos do ouvido,-,-,-,-,-,-,1,3,1,-,1,-,1,1,-,4,4,-,2,-,-,-,1,-,1,-,-,20
Febre reumática aguda,28,18,28,5,89,3,23,73,32,121,86,89,160,54,46,270,296,85,250,337,45,67,115,21,52,48,24,2465
Doenças reumáticas crônicas do coração,209,99,295,35,599,42,163,539,242,799,508,488,2186,494,465,2122,4617,871,3576,12612,3504,1322,1827,546,497,1598,650,40905
Doenças hipertensivas,4631,1797,5580,902,13662,864,6148,20436,17225,33505,12788,17045,39929,14011,9521,55530,80215,16624,101428,141270,43199,19717,36720,10225,12002,17048,5709,737731
Doenças isquêmicas do coração,8484,2706,10935,1473,33503,1788,8735,35663,24001,60149,30686,33781,108328,20993,12426,79889,161434,37238,236847,553092,122376,61013,166110,28517,18519,46830,14472,1919988
Doenças cardíaca pulmonar e da circulação pulmonar,591,210,603,85,2528,224,518,1497,865,3353,965,2274,5399,1560,709,5364,18033,1645,13706,46260,8293,4440,9911,1519,1145,3093,790,135580
Outras formas de doença do coração,6360,2387,7017,1468,21082,1480,6313,19962,14468,39760,12767,23851,48207,16083,8445,69770,156784,16889,135566,308463,78125,37385,80411,14692,14474,43249,14616,1200074
Doenças cerebrovasculares,9648,4151,16630,1966,47866,2944,11535,50662,33796,79646,24070,37371,98343,31341,18048,117156,202185,40339,223003,444250,130114,59063,158017,24669,21904,47340,17719,1953776
"Doenças das artérias, das arteríolas e capilares",521,219,1041,157,1978,155,837,2303,1384,4613,2443,2178,9945,1557,1064,7617,25660,4710,24141,80958,13373,7111,17661,2831,2011,6451,2761,225680
"Doenças veias, vasos e gânglios linfáticos, NCOP",329,91,334,49,1005,73,244,879,765,3159,679,1127,3154,891,617,3826,6637,1264,6933,16012,3402,2115,3392,630,622,1383,366,59978
Outros transt e os não espec aparelho circulatório,45,25,46,5,279,3,29,328,234,344,95,197,278,92,95,640,1247,106,880,1366,246,186,414,47,99,201,13,7540
Infecções agudas das vias aéreas superiores,28,13,54,12,170,9,44,98,63,224,46,118,249,71,74,276,421,77,253,665,230,116,198,50,77,89,31,3756
Influenza [gripe] e pneumonia,4111,2485,10262,1469,23409,1776,3679,13195,10266,37483,14422,13405,35061,11509,6694,32974,110837,15062,124507,327545,51122,23414,60184,13427,10086,26104,8097,992585
Outras infecções agudas das vias aéreas inferiores,84,47,201,28,359,45,99,331,136,794,153,382,800,157,195,1445,1624,168,1320,2104,775,334,1660,111,151,197,61,13761
Outras doenças das vias aéreas superiores,21,17,59,6,116,9,25,95,61,196,66,71,184,55,49,281,593,90,588,1325,200,121,258,65,64,150,57,4822
Doenças crônicas das vias aéreas inferiores,4608,2493,5825,519,14931,957,3155,8635,6336,18682,6466,10269,29628,8405,4925,28952,91515,13744,76286,198435,71950,36018,96810,10982,10531,31393,6557,799007
Doenças pulmonares devidas a agentes externos,277,136,682,74,1073,54,250,981,662,2030,723,881,2506,636,471,3066,10124,899,5961,19964,2296,2492,3340,727,540,1836,728,63409
Outras doenças respirat q afetam princ interstício,518,205,1090,90,3129,244,437,1936,1018,2846,1018,1543,3115,1545,570,7890,12968,1707,17625,30119,4955,2600,9912,861,969,3508,1057,113475
Afecções necróticas e supurat vias aéreas infer,57,14,166,11,343,37,57,193,110,420,286,235,979,179,134,718,1285,237,1680,5170,833,375,852,147,105,395,112,15130
Outras doenças da pleura,166,68,224,27,656,49,80,520,233,852,415,463,1061,277,183,1475,2037,231,3305,4742,938,460,1110,199,248,498,108,20625
Outras doenças do aparelho respiratório,1440,700,1760,352,7915,448,991,6079,2946,17988,3017,8148,31618,4980,3369,30351,24966,2543,49703,43563,6899,5217,18569,1785,2423,3691,550,282011
"Doenças cavidade oral, glând salivares e maxilares",7,-,6,4,48,2,7,53,15,44,28,19,44,20,22,70,100,12,95,221,28,31,54,11,19,23,11,994
"Doenças do esôfago, do estômago e do duodeno",554,165,493,90,2577,131,671,3098,1535,3393,1379,1676,4731,1210,739,5059,8243,2071,9575,25239,6041,2535,5859,1497,1157,2839,976,93533
Doenças do apêndice,76,35,255,32,635,35,100,572,227,569,204,218,783,238,129,864,1319,347,1372,3689,801,361,777,226,253,582,197,14896
Hérnias,134,64,330,35,769,46,176,793,400,1242,419,417,1547,315,260,1262,2424,464,2686,7731,1785,866,1801,461,367,859,302,27955
Enterites e colites não-infecciosas,72,41,118,21,336,30,67,262,114,427,88,249,261,147,73,480,1242,244,843,3043,705,397,777,86,180,301,104,10708
Outras doenças dos intestinos,617,199,1110,127,2474,158,717,2824,1742,4918,1660,1974,5983,1357,836,8331,17150,2584,15775,49487,10999,5550,14459,2149,1833,6295,1706,163014
Doenças do peritônio,180,115,417,29,981,71,156,803,599,838,407,455,1746,401,272,2753,4369,463,3224,9752,1674,983,2525,400,366,852,349,35180
Doenças do fígado,2645,1588,5369,803,10071,761,1957,9511,5617,16359,7126,9641,32717,9610,5989,30628,48226,8040,43793,137640,30423,12405,30364,5445,5476,12315,4829,489348
"Transt vesícula biliar, vias biliares e pâncreas",707,328,1623,213,3249,305,927,2285,1557,4252,1973,1727,5392,1277,1051,6759,15601,2972,13228,43024,9688,4591,10923,2118,1925,5532,1943,145170
Outras doenças do aparelho digestivo,615,265,704,104,2766,196,403,2684,1383,3736,1428,2493,5119,3374,1555,8702,13636,1195,18056,20504,6189,3063,6738,965,1086,2519,476,109954
Infecções da pele e do tecido subcutâneo,88,31,230,72,736,44,107,495,291,1095,362,302,1005,300,330,1879,1962,456,3156,5997,918,403,919,270,184,486,113,22231
Afecções bolhosas,21,10,38,8,84,5,15,43,27,70,47,42,62,18,15,94,188,51,205,481,100,31,146,39,45,41,13,1939
Dermatite e eczema,1,1,2,-,4,1,2,13,8,26,12,4,15,4,3,32,25,2,26,111,13,5,22,2,9,3,2,348
Afecções pápulo-descamativas,1,-,3,1,14,-,4,12,5,18,3,12,11,4,3,22,50,13,56,127,23,14,36,7,10,17,4,470
Urticária e eritema,12,1,18,3,29,1,10,37,22,58,13,20,68,20,16,90,217,33,211,389,90,33,109,17,20,50,16,1603
Transt pele e tecido subcutâneo relac c/radiação,-,-,-,-,-,-,-,1,-,4,-,1,3,-,-,-,2,-,2,2,-,1,-,-,-,-,-,16
Afecções dos anexos da pele,-,-,1,-,-,-,-,-,1,3,-,1,2,-,1,2,2,-,2,7,1,-,1,-,1,-,-,25
Outras afecções da pele e do tecido subcutâneo,86,40,173,23,527,49,61,345,242,1312,1001,627,1269,479,388,1933,4708,498,4892,7599,721,528,1593,347,193,467,79,30180
Artropatias,59,25,174,13,315,22,87,281,200,658,168,224,515,179,112,670,2133,347,1603,4313,1312,538,1697,235,216,497,286,16879
. Artropatias infecciosas,17,2,49,6,124,7,31,57,43,126,14,35,150,52,24,158,420,104,393,847,206,117,241,76,42,125,60,3526
. Poliartropatias inflamatórias,36,16,107,7,136,12,37,143,80,322,99,125,265,59,53,339,1302,166,921,2250,759,293,1207,119,135,269,203,9460
. Artroses,4,6,16,-,42,3,18,74,70,197,50,61,92,52,27,147,344,74,202,842,338,120,226,37,35,72,23,3172
. Outros transtornos articulares,2,1,2,-,13,-,1,7,7,13,5,3,8,16,8,26,67,3,87,374,9,8,23,3,4,31,-,721
Doenças sistêmicas do tecido conjuntivo,165,104,515,65,873,86,105,538,419,980,294,363,1045,323,194,1522,3009,371,2954,6464,1771,736,2210,391,404,875,529,27305
Dorsopatias,15,8,20,5,61,1,11,58,70,115,27,32,89,30,24,138,365,81,493,1210,331,114,281,38,39,137,53,3846
. Dorsopatias deformantes,-,-,5,-,11,-,4,7,7,49,9,9,13,2,6,19,39,7,42,133,39,18,35,2,5,7,7,475
. Espondilopatias,3,3,11,3,28,1,2,26,33,36,13,16,43,14,11,87,199,39,315,793,180,68,154,23,21,89,25,2236
. Outras dorsopatias,12,5,4,2,22,-,5,25,30,30,5,7,33,14,7,32,127,35,136,284,112,28,92,13,13,41,21,1135
Transtornos dos tecidos moles,23,27,163,18,263,5,43,258,112,656,160,551,425,186,128,1813,2185,124,1034,2426,441,214,370,60,64,175,56,11980
. Transtornos musculares,18,20,126,12,146,4,28,97,34,495,131,523,363,144,104,1659,1951,82,787,1877,268,144,149,23,35,119,36,9375
. Transtornos das sinóvias e dos tendões,1,-,-,-,-,-,-,-,-,-,-,-,-,-,-,3,4,3,2,-,-,2,1,1,-,1,-,18
. Outros transtornos dos tecidos moles,4,7,37,6,117,1,15,161,78,161,29,28,62,42,24,151,230,39,245,549,173,68,220,36,29,55,20,2587
Osteopatias e condropatias,49,19,103,13,186,10,58,163,222,557,131,211,551,137,148,771,2108,403,1918,4680,996,421,1534,214,217,346,186,16352
. Transtornos da densidade e da estrutura óssea,12,9,36,7,62,4,27,83,154,279,67,107,135,56,100,285,953,201,594,2221,611,178,839,119,120,156,70,7485
. Outras osteopatias,34,10,67,6,115,5,31,79,67,271,63,101,406,80,48,476,1131,199,1318,2433,383,241,688,95,97,188,115,8747
. Condropatias,3,-,-,-,9,1,-,1,1,7,1,3,10,1,-,10,24,3,6,26,2,2,7,-,-,2,1,120
Outr transt sist osteomuscular e tecido conjuntivo,-,-,2,-,3,1,-,6,-,9,2,2,5,4,3,5,32,2,7,33,4,3,3,-,3,2,2,133
Doenças glomerulares,77,29,94,13,258,15,40,440,144,322,116,133,553,185,77,1014,970,111,872,2021,512,150,462,120,77,305,83,9193
Doenças renais túbulo-intersticiais,117,25,207,24,513,63,123,382,207,626,646,314,3144,287,244,1132,4000,783,2456,12083,2013,972,2179,391,337,803,298,34369
Insuficiência renal,1932,790,2187,419,6267,540,1112,5053,2732,7733,2520,5253,7113,2635,1694,12756,26277,3269,28067,50744,11965,6436,15777,3015,3518,6981,1910,218695
Calculose renal,21,10,54,6,115,6,26,96,64,162,96,47,378,46,46,168,420,144,630,1623,339,150,295,66,73,169,69,5319
Outros transtornos do rim e do ureter,32,16,41,6,111,7,30,136,138,204,155,61,951,64,115,411,524,66,726,1957,382,152,292,78,69,197,47,6968
Outras doenças do aparelho urinário,347,156,1276,76,1382,73,259,869,565,2404,2025,1463,7002,714,1477,5179,14191,2698,29322,47632,5013,3468,6810,1458,816,2276,855,139806
Doenças dos órgãos genitais masculinos,126,78,314,17,528,31,103,579,508,1137,536,347,1047,271,297,1305,1565,395,1929,4273,1127,461,1017,261,287,514,193,19246
Doenças da mama,2,-,5,1,23,2,1,16,10,26,9,10,19,13,16,33,32,9,57,118,13,10,9,3,9,16,3,465
Doenças inflamatórias órgãos pélvicos femininos,10,7,59,9,89,11,21,84,26,99,84,37,145,41,37,189,289,84,373,934,166,58,191,58,38,97,35,3271
Transt não-inflamatórios do trato genital feminino,21,12,29,2,120,2,21,133,67,136,50,45,107,58,58,187,266,49,419,676,136,62,146,23,37,89,31,2982
Outros transtornos do aparelho geniturinário,-,-,-,-,-,-,-,-,-,4,-,-,-,-,-,-,1,-,-,-,-,-,-,-,-,-,-,5
Gravidez que termina em aborto,27,14,73,13,170,33,23,152,40,109,30,37,130,44,41,271,218,54,404,491,119,55,132,44,55,62,61,2902
Edema proteinúr e transt hipert gravid parto puerp,70,36,216,23,515,43,78,634,216,549,131,164,431,154,127,615,543,152,835,1207,385,139,253,124,177,239,79,8135
Outros transtornos maternos relac predom gravidez,13,4,20,3,40,8,7,48,28,42,24,25,51,19,14,83,91,22,129,246,135,26,66,19,37,46,13,1259
Assist à mãe mot feto cavid amniót e prob rel part,20,15,68,9,163,12,29,189,49,96,32,28,81,41,38,242,253,36,272,437,114,46,103,39,47,47,23,2529
Complicações do trabalho de parto e do parto,48,31,171,30,382,27,61,404,136,317,86,100,278,142,96,461,437,82,379,859,372,129,228,89,115,188,49,5697
Complicações relacionadas predom com o puerpério,41,30,192,17,286,14,47,280,113,282,88,95,311,125,71,330,341,86,498,758,287,96,236,63,88,117,54,4946
Outras afecções obstétricas NCOP,57,17,266,16,261,9,106,352,323,680,87,103,488,65,121,1123,681,213,1278,1637,850,163,944,281,194,251,128,10694
"Fet rec-nasc afet fat mat e compl grav, trab parto",537,356,1683,176,2571,455,697,2579,2640,2241,1238,960,8123,1403,1758,5654,5750,2462,8647,14912,7503,1349,4077,1419,1629,2250,1487,84556
Transt relac com a duração gestação e cresc fetal,638,402,1040,122,4050,566,655,2003,1287,4379,1348,1211,2761,1027,820,8017,7663,897,2865,8146,2551,1241,2336,858,1012,1120,736,59751
Traumatismo de parto,11,15,89,6,108,13,11,66,36,106,60,66,156,65,29,222,192,47,62,216,90,45,69,23,34,31,18,1886
Transt respirat e cardiovasc específ per perinatal,3541,1490,7712,872,15426,2036,2640,11347,4980,13581,5314,6386,15442,7320,5551,27068,29106,4095,23202,58298,12986,7174,11486,4255,4761,9087,3295,298451
Infecções específicas do período perinatal,1155,545,2301,214,7522,1217,683,3302,1347,6353,1723,2988,5248,3096,1304,7972,9521,1341,9116,19419,2740,2220,3663,1358,1811,3165,894,102218
Transt hemorrág e hematológ feto e recém-nascido,191,148,487,48,1131,178,129,630,325,838,266,320,719,332,288,1482,1457,300,1263,3184,750,476,681,239,290,350,258,16760
Transt endócr e metaból trans espec fet e rec-nasc,29,42,107,9,149,20,40,106,69,217,41,81,189,98,65,402,330,45,313,690,215,60,104,63,70,98,27,3679
Transt aparelho digestivo do feto ou recém-nascido,90,46,224,52,413,28,106,375,100,392,213,181,393,268,242,783,1428,356,1093,3527,937,436,847,188,181,312,276,13487
Afecç comprom tegument e reg térm fet e recém-nasc,39,14,72,14,162,28,19,80,46,128,53,41,165,46,46,256,353,42,244,554,159,90,142,34,68,198,45,3138
Outros transtornos originados no período perinatal,136,121,1623,68,951,93,126,1936,1019,1599,172,450,574,187,406,3633,2602,355,1994,4561,1076,513,871,293,420,567,205,26551
Malformações congênitas do sistema nervoso,412,247,1176,136,1653,177,299,1136,683,1831,802,704,2112,683,523,2512,3287,988,2973,7126,2523,1166,2036,636,781,1149,681,38432
"Malform congênitas do olho, ouvido, face e pescoço",1,1,3,-,12,-,1,2,3,6,5,4,6,5,2,10,16,2,7,14,8,4,12,3,2,3,3,135
Malformações congênitas do aparelho circulatório,721,455,2088,300,2842,316,742,2746,1334,3352,1351,1497,4081,1180,995,5069,7584,1595,7107,19409,5184,2656,5143,1457,1459,3286,1588,85537
Malformações congênitas do aparelho respiratório,101,21,181,36,257,32,66,234,82,290,104,97,357,124,174,456,1039,250,1222,3026,581,286,497,161,188,364,209,10435
Fenda labial e fenda palatina,7,5,29,4,23,1,8,26,13,44,11,12,53,18,6,47,82,14,50,142,68,28,50,15,18,23,12,809
Outras malformações congênitas aparelho digestivo,158,60,372,50,490,57,113,436,233,659,252,250,869,190,159,905,1122,245,807,2645,858,338,650,239,315,490,248,13210
Malformações congênitas dos órgãos genitais,-,1,8,1,19,-,2,5,3,18,3,9,11,2,1,13,17,2,21,52,7,6,23,6,6,3,1,240
Malformações congênitas do aparelho urinário,46,14,72,11,124,7,35,113,60,271,107,96,320,85,62,408,642,187,592,2225,405,270,561,88,97,268,186,7352
Malform e deform congênit do sistema osteomuscular,157,62,445,47,559,54,118,400,199,470,169,205,723,194,119,837,1123,261,1090,2681,945,447,893,253,300,492,321,13564
Outras malformações congênitas,304,114,630,101,1111,174,197,834,678,1235,454,575,1666,533,312,1809,2479,537,2133,5483,1505,766,1429,293,488,755,418,27013
Anomalias cromossômicas NCOP,106,46,195,22,312,40,78,222,159,545,184,220,814,137,157,976,1657,373,1604,4225,1198,656,1606,199,272,346,267,16616
Sint e sinais relat aparelho circulat e respirat,1656,767,1798,164,7585,627,1131,8523,2754,24551,1967,7748,4669,3832,845,10672,22768,1364,16888,25025,6270,5872,8758,286,1645,5154,487,173806
Sintom e sinais relat ao aparelho digest e abdome,46,23,59,5,336,27,27,341,143,409,53,165,121,165,97,510,796,43,422,1106,243,147,188,21,76,123,21,5713
Sintom e sinais relat à pele e tecido subcutâneo,2,3,10,-,48,1,1,30,16,21,1,15,12,4,9,23,30,2,59,59,7,15,7,1,7,1,1,385
Sint e sinais relat sist nervoso e osteomuscular,1,1,2,-,5,-,-,13,2,15,1,2,7,1,-,16,20,2,9,28,4,4,8,-,2,3,-,146
Sintomas e sinais relativos ao aparelho urinário,2,2,-,-,8,-,3,4,8,13,4,7,3,6,4,16,16,1,19,27,4,6,10,-,3,5,-,171
Sint e sinais rel cogn percep estado emoc e compor,12,7,12,-,47,4,6,70,34,86,10,61,35,45,23,134,167,12,78,163,59,40,51,1,14,23,5,1199
Sintomas e sinais relativos à fala e à voz,-,-,-,-,1,-,1,1,2,-,-,1,-,-,-,3,2,-,1,2,-,-,1,-,-,1,-,16
Sintomas e sinais gerais,1817,311,1931,309,4892,545,555,4728,2014,7774,1876,3354,5334,1776,995,10203,19879,1149,16500,33494,10331,3958,8641,1364,1623,3706,451,149510
"Achados anormais exames de sangue, sem diagnóstico",1,-,2,-,12,-,1,4,1,8,3,12,6,3,-,7,27,2,22,16,4,6,4,-,2,2,-,145
"Achados anormais exames de urina, sem diagnóstico",-,-,-,-,2,-,-,-,-,1,-,-,-,-,-,3,1,-,-,1,1,-,-,-,-,1,-,10
"Achad anorm exam e out líq, subs e tec corp s/diag",1,-,-,-,2,-,2,6,3,5,1,1,3,-,-,5,11,1,2,6,1,3,1,-,1,3,-,58
"Achad anorm exam diag imagem estud função, s/diag",2,-,2,1,11,-,3,13,13,15,3,7,10,2,4,20,50,3,24,39,4,6,14,1,2,7,-,256
Causas mal definidas e desconhecidas mortalidade,9746,8356,42562,1253,86561,3984,8367,71964,34092,82616,36405,85566,127536,52622,29915,257488,220556,25129,181661,261268,49028,43495,59844,8193,14588,32385,3892,1839072
Acidentes,14742,4006,17967,3948,39847,3984,11943,33858,20462,57756,16938,23077,57357,21072,13935,77597,125401,33064,117850,275324,94717,54687,72343,21050,29065,50192,18011,1310193
. Acidentes de transporte,9379,2341,8738,2672,24243,2344,8138,22187,14500,36961,10563,14528,35079,13860,9177,39316,76174,19527,59200,154985,63170,37430,43353,13688,18925,34562,11217,786257
... Pedestre traumatizado em um acidente de transp,916,463,3245,323,8993,691,1140,4316,2359,10711,2008,2390,10400,4321,2162,8053,14934,4792,25710,45429,15447,7021,10131,2433,2982,6016,3542,200928
... Ciclista traumatizado em um acidente de transp,283,71,119,250,561,53,385,804,658,1185,253,247,989,200,305,509,2300,404,1829,3976,2965,2133,1273,904,736,1305,481,25178
... Motociclista traumat em um acidente de transpo,2011,328,1682,890,5213,178,2457,7066,6451,10525,3309,3519,8769,1700,3235,6760,10039,3950,7359,20238,10377,8205,5182,3119,4957,6901,1301,145721
... Ocupante triciclo motorizado traumat acid tran,16,-,3,5,30,4,8,40,8,45,13,25,39,12,10,36,114,6,40,105,78,41,36,7,17,33,10,781
... Ocupante automóvel traumat acidente transporte,1069,315,944,532,1877,168,2209,2980,1272,5831,2715,2006,5819,1182,1948,13364,20881,5050,7807,21315,15687,9849,8317,2765,4919,6903,4290,152014
... Ocupante caminhonete traumat acidente transpor,71,10,26,79,173,8,144,188,158,284,72,47,292,55,13,139,425,35,249,525,495,316,418,287,323,358,99,5289
... Ocupante veíc transp pesado traumat acid trans,146,20,61,52,349,13,186,376,165,420,77,147,577,285,229,465,1305,339,684,1895,1541,1286,1121,427,553,659,102,13480
... Ocupante ônibus traumat acidente de transporte,49,4,52,9,104,4,27,129,40,154,31,50,140,41,58,140,373,42,273,588,306,153,223,56,65,179,50,3340
... Outros acidentes de transporte terrestre,4430,1050,1872,438,5284,1148,1292,5872,3308,6743,1844,5774,7696,6008,1135,8718,22767,4828,14800,58026,15918,8214,16111,3577,3970,11687,1224,223734
... Acidentes de transporte por água,29,43,583,18,331,39,33,95,9,48,13,13,31,11,8,62,68,17,137,128,115,65,43,21,66,41,10,2077
... Acidentes de transporte aéreo e espacial,22,28,134,9,120,6,17,37,14,40,12,15,45,6,11,67,137,39,198,609,160,77,184,76,104,112,74,2353
... Outros acidentes de transporte e os não especi,337,9,17,67,1208,32,240,284,58,975,216,295,282,39,63,1003,2831,25,114,2151,81,70,314,16,233,368,34,11362
. Outras causas externas de traumatismos acidentai,5363,1665,9229,1276,15604,1640,3805,11671,5962,20795,6375,8549,22278,7212,4758,38281,49227,13537,58650,120339,31547,17257,28990,7362,10140,15630,6794,523936
... Quedas,1268,386,1954,181,3602,215,945,2541,1584,6400,1174,2535,6289,2249,1839,7437,17229,6364,21439,45725,13955,5095,10024,2247,2586,6081,3129,174473
... Exposição a forças mecânicas inanimadas,611,123,661,196,2270,64,281,1182,481,736,294,523,974,148,201,1937,2290,418,1138,3506,1738,1043,1449,356,1665,777,182,25244
... Exposição a forças mecânicas animadas,52,21,35,10,120,10,66,117,50,92,17,71,175,28,45,136,279,41,99,334,179,90,184,85,129,152,27,2644
... Afogamento e submersão acidentais,1610,730,3767,544,5090,1005,1063,3162,2000,6618,2000,2528,5705,2834,1531,10775,11851,3330,7256,23118,7143,4714,6944,1969,2936,3510,1084,124817
... Outros riscos acidentais à respiração,283,63,299,76,465,67,136,396,163,1321,467,513,3020,314,483,2306,2796,982,12401,10022,3694,1174,2932,857,625,751,897,47503
"... Expos corr elétr, radiação e temp press extrem",339,158,666,90,1172,128,349,1729,677,2116,604,751,2554,917,170,1917,1302,467,2111,3535,941,1321,2208,392,741,1582,421,29358
"... Exposição à fumaça, ao fogo e às chamas",131,63,295,47,466,40,146,329,169,508,186,316,735,374,173,2505,2203,316,2488,4188,1662,774,2128,398,338,574,191,21743
... Contato com fonte de calor ou substâncias quen,7,4,5,2,41,3,6,39,20,68,18,22,94,17,18,47,148,23,50,135,98,29,59,8,28,50,5,1044
... Contato com animais e plantas venenosos,43,50,222,60,431,38,117,277,133,150,78,60,186,32,39,603,587,80,103,315,214,99,126,97,182,205,23,4550
... Exposição às forças da natureza,71,11,138,17,197,12,102,117,92,88,31,14,128,13,6,128,431,39,1609,622,267,234,258,193,163,193,26,5200
... Envenenamento acidental e exposição subst noci,80,26,810,31,252,23,65,339,169,284,56,106,230,113,46,549,550,263,1045,2139,473,264,389,276,156,290,314,9338
"... Excesso de esforços, viagens e privações",3,-,1,-,7,2,1,18,3,9,6,21,6,2,5,14,17,4,4,16,7,4,4,11,4,7,-,176
... Exposição acidental a outr fatores e aos não e,865,30,376,22,1491,33,528,1425,421,2405,1444,1089,2182,171,202,9927,9544,1210,8907,26684,1176,2416,2285,473,587,1458,495,77846
Lesões autoprovocadas intencionalmente,1460,632,2796,619,3788,624,1404,3205,3516,9495,2763,2504,6461,1944,1819,7179,20359,3048,8832,38448,13279,10090,22716,3828,3249,7118,2308,183484
Agressões,10829,3289,17445,2713,45352,4370,5476,24315,7904,46877,14943,20165,84250,29733,13251,76223,72494,33825,134893,200618,56016,13863,43880,14032,20277,36674,15511,1049218
Eventos (fatos) cuja intenção é indeterminada,1156,402,876,453,2763,176,623,3302,1489,6398,6141,879,10294,263,3326,31036,25062,2226,41207,61460,6626,2356,9882,1732,1909,5641,436,228114
Intervenções legais e operações de guerra,12,3,-,7,27,2,36,33,10,29,6,9,27,5,6,1448,66,15,4366,2799,469,217,215,72,58,32,14,9983
Complicações de assistência médica e cirúrgica,201,64,91,11,423,30,87,885,141,1312,728,196,1207,269,173,2755,3231,132,3589,6310,755,256,847,394,218,484,103,24892
". Ef advers drog, medic e subst biológ finalid ter",12,4,5,1,48,5,23,38,18,37,25,11,76,12,18,169,247,22,372,550,130,32,172,37,31,55,17,2167
. Acid ocorr pacientes prest cuid médicos e cirúrg,6,4,1,1,7,-,2,11,3,11,4,9,39,2,3,14,49,8,24,64,34,7,18,4,3,22,36,386
. Incid advers atos diagn terap assoc disposit méd,2,-,-,-,4,-,2,8,5,8,5,2,21,6,3,41,133,2,18,44,36,3,48,43,1,8,3,446
. Reaç anorm compl tard proc cirúrg méd s/menç aci,181,56,85,9,364,25,60,828,115,1256,694,174,1071,249,149,2531,2802,100,3175,5652,555,214,609,310,183,399,47,21893
Seqüelas causas externas de morbidade e mortalidad,30,13,20,4,143,2,41,146,100,193,60,127,308,37,26,350,721,318,291,1308,1047,227,700,156,89,249,147,6853
Total,134932,59455,254701,31487,581366,44407,116339,494277,296178,879679,324349,453367,1145371,349934,220049,1453919,2342315,409417,2551434,5312966,1302757,671381,1559442,274064,279559,614624,209091,22366860
